file,id
sh1,1664
sh2,1665
sh3,1666
sh4,1667
sh5,1668
sh6,1669
sh7,1670
sh8,1671
sh9,1672
sh10,1673
sh11,1674
sh12,1675
sh13,1676
sh14,1677
sh15,1678
sh16,1679
sh17,1680
sh18,1681
sh19,1682
sh20,1683
sh21,1684
sh22,1685
sh23,1686
sh24,1687
sh25,1688
sh26,1689
sh27,1690
sh28,1691
sh29,1692
sh30,1693
sh31,1694
sh32,1695
sh33,1696
sh34,1697
sh35,1698
sh36,1699
sh37,1700
sh38,1701
sh39,1702
sh40,1703
sh41,1704
sh42,1705
sh43,1706
sh44,1707
sh45,1708
sh46,1709
sh47,1710
sh48,1711
sh49,1712
sh50,1713
sh51,1714
sh52,1715
sh53,1716
sh54,1717
sh55,1718
sh56,1719
sh57,1720
sh58,1721
sh59,1722
sh60,1723
sh61,1724
sh62,1725
sh63,1726
sh64,1727
sh65,1728
sh66,1729
sh67,1730
sh68,1731
sh69,1732
sh70,1733
sh71,1734
sh72,1735
sh73,1736
sh74,1737
sh75,1738
sh76,1739
sh77,1740
sh78,1741
sh79,1742
sh80,1743
sh81,1744
sh82,1745
sh83,1746
sh84,1747
sh85,1748
sh86,1749
sh87,1750
sh88,1751
sh89,1752
sh90,1753
sh91,1754
sh92,1755
sh93,1756
sh94,1757
sh95,1758
sh96,1759
sh97,1760
sh98,1761
sh99,1762
sh100,1763
sh101,1764
sh102,1765
sh103,1766
sh104,1767
sh105,1768
sh106,1769
sh107,1770
sh108,1771
sh109,1772
sh110,1773
sh111,1774
sh112,1775
sh113,1776
sh114,1777
sh115,1778
sh116,1779
sh117,1780
sh118,1781
sh119,1782
sh120,1783
sh121,1784
sh122,1785
sh123,1786
sh124,1787
sh125,1788
sh126,1789
sh127,1790
sh128,1791
sh129,1792
sh130,1793
sh131,1794
sh132,1795
sh133,1796
sh134,1797
sh135,1798
sh136,1799
sh137,1800
sh138,1801
sh139,1802
sh140,1803
sh141,1804
sh142,1805
sh143,1806
sh144,1807
sh145,1808
sh146,1809
sh147,1810
sh148,1811
sh149,1812
sh150,1813
sh151,1814
sh152,1815
sh153,1816
sh154,1817
sh155,1818
sh156,1819
sh157,1820
sh158,1821
sh159,1822
sh160,1823
sh161,1824
sh162,1825
sh163,1826
sh164,1827
sh165,1828
sh166,1829
sh167,1830
sh168,1831
sh169,1832
sh170,1833
sh171,1834
sh172,1835
sh173,1836
sh174,1837
sh175,1838
sh176,1839
sh177,1840
sh178,1841
sh179,1842
sh180,1843
sh181,1844
sh182,1845
sh183,1846
sh184,1847
sh185,1848
sh186,1849
sh187,1850
sh188,1851
sh189,1852
sh190,1853
sh191,1854
sh192,1855
sh193,1856
sh194,1857
sh195,1858
sh196,1859
sh197,1860
sh198,1861
sh199,1862
sh200,1863
sh201,1864
sh202,1865
sh203,1866
sh204,1867
sh205,1868
sh206,1869
sh207,1870
sh208,1871
sh209,1872
sh210,1873
sh211,1874
sh212,1875
sh213,1876
sh214,1877
sh215,1878
sh216,1879
sh217,1880
sh218,1881
sh219,1882
sh220,1883
sh221,1884
sh222,1885
sh223,1886
sh224,1887
sh225,1888
sh226,1889
sh227,1890
sh228,1891
sh229,1892
sh230,1893
sh231,1894
sh232,1895
sh233,1896
sh234,1897
sh235,1898
sh236,1899
sh237,1900
sh238,1901
sh239,1902
sh240,1903
sh241,1904
sh242,1905
sh243,1906
sh244,1907
sh245,1908
sh246,1909
sh247,1910
sh248,1911
sh249,1912
sh250,1913
sh251,1914
sh252,1915
sh253,1916
sh254,1917
sh255,1918
sh256,1919
sh257,1920
sh258,1921
sh259,1922
sh260,1923
sh261,1924
sh262,1925
sh263,1926
sh264,1927
sh265,1928
sh266,1929
sh267,1930
sh268,1931
sh269,1932
sh270,1933
sh271,1934
sh272,1935
sh273,1936
sh274,1937
sh275,1938
sh276,1939
sh277,1940
sh278,1941
sh279,1942
sh280,1943
sh281,1944
sh282,1945
sh283,1946
sh284,1947
sh285,1948
sh286,1949
sh287,1950
sh288,1951
sh289,1952
sh290,1953
sh291,1954
sh292,1955
sh293,1956
sh294,1957
sh295,1958
sh296,1959
sh297,1960
sh298,1961
sh299,1962
sh300,1963
sh301,1964
sh302,1965
sh303,1966
sh304,1967
sh305,1968
sh306,1969
sh307,1970
sh308,1971
sh309,1972
sh310,1973
sh311,1974
sh312,1975
sh313,1976
sh314,1977
sh315,1978
sh316,1979
sh317,1980
sh318,1981
sh319,1982
sh320,1983
sh321,1984
sh322,1985
sh323,1986
sh324,1987
sh325,1988
sh326,1989
sh327,1990
sh328,1991
sh329,1992
sh330,1993
sh331,1994
sh332,1995
sh333,1996
sh334,1997
sh335,1998
sh336,1999
sh337,2000
sh338,2001
sh339,2002
sh340,2003
sh341,2004
sh342,2005
sh343,2006
sh344,2007
sh345,2008
sh346,2009
sh347,2010
sh348,2011
sh349,2012
sh350,2013
sh351,2014
sh352,2015
sh353,2016
sh354,2017
sh355,2018
sh356,2019
sh357,2020
sh358,2021
sh359,2022
sh360,2023
sh361,2024
sh362,2025
sh363,2026
sh364,2027
sh365,2028
sh366,2029
sh367,2030
sh368,2031
sh369,2032
sh370,2033
sh371,2034
sh372,2035
sh373,2036
sh374,2037
sh375,2038
sh376,2039
sh377,2040
sh378,2041
sh379,2042
sh380,2043
sh381,2044
sh382,2045
sh383,2046
sh384,2047
sh385,2048
sh386,2049
sh387,2050
sh388,2051
sh389,2052
sh390,2053
sh391,2054
sh392,2055
sh393,2056
sh394,2057
sh395,2058
sh396,2059
sh397,2060
sh398,2061
sh399,2062
sh400,2063
sh401,2064
sh402,2065
sh403,2066
sh404,2067
sh405,2068
sh406,2069
sh407,2070
sh408,2071
sh409,2072
sh410,2073
sh411,2074
sh412,2075
sh413,2076
sh414,2077
sh415,2078
sh416,2079
sh417,2080
sh418,2081
sh419,2082
sh420,2083
sh421,2084
sh422,2085
sh423,2086
sh424,2087
sh425,2088
sh426,2089
sh427,2090
sh428,2091
sh429,2092
sh430,2093
sh431,2094
sh432,2095
sh433,2096
sh434,2097
sh435,2098
sh436,2099
sh437,2100
sh438,2101
sh439,2102
sh440,2103
sh441,2104
sh442,2105
sh443,2106
sh444,2107
sh445,2108
sh446,2109
sh447,2110
sh448,2111
sh449,2112
sh450,2113
sh451,2114
sh452,2115
sh453,2116
sh454,2117
sh455,2118
sh456,2119
sh457,2120
sh458,2121
sh459,2122
sh460,2123
sh461,2124
sh462,2125
sh463,2126
sh464,2127
sh465,2128
sh466,2129
sh467,2130
sh468,2131
sh469,2132
sh470,2133
sh471,2134
sh472,2135
sh473,2136
sh474,2137
sh475,2138
sh476,2139
sh477,2140
sh478,2141
sh479,2142
sh480,2143
sh481,2144
sh482,2145
sh483,2146
sh484,2147
sh485,2148
sh486,2149
sh487,2150
sh488,2151
sh489,2152
sh490,2153
sh491,2154
sh492,2155
sh493,2156
sh494,2157
sh495,2158
